id,name,creationDate
1,Cassie,30/8/2019
2,Orion,27/10/2018
3,Wenonah,4/7/2019
4,Tannie,10/5/2019
5,Filia,25/1/2019
6,L;urette,17/12/2018
7,Ingamar,24/10/2018
8,Ferrell,23/8/2019
9,Evangeline,15/5/2019
10,Lotti,15/8/2019
11,Tommy,24/1/2019
12,Stace,20/12/2018
13,Anna,16/9/2018
14,Michal,4/8/2019
15,Nick,3/10/2018
16,Jerrold,5/11/2018
17,Bobbie,28/9/2018
18,Carolyn,2/10/2018
19,Xymenes,9/8/2019
20,Briggs,24/2/2019
21,Lexie,2/11/2018
22,Jdavie,5/2/2019
23,Cesaro,18/3/2019
24,Juanita,13/10/2018
25,Budd,26/9/2018
26,Marilee,17/3/2019
27,Del,12/8/2019
28,Reba,21/9/2018
29,Duky,29/4/2019
30,Lowe,28/6/2019
31,Orton,1/11/2018
32,Wakefield,10/9/2019
33,Cale,24/7/2019
34,Bernardo,10/7/2019
35,Johanna,14/9/2018
36,Sheppard,20/9/2018
37,Brandi,15/9/2018
38,Baxter,24/12/2018
39,Marge,29/6/2019
40,Park,21/7/2019
41,Harmony,9/7/2019
42,Johna,7/12/2018
43,Roddie,10/2/2019
44,Vaclav,11/4/2019
45,Rafaello,12/12/2018
46,Kaye,14/2/2019
47,Simmonds,11/11/2018
48,Spenser,28/5/2019
49,Noella,22/1/2019
50,Lida,14/6/2019
51,Hatty,24/2/2019
52,Whitney,24/8/2019
53,Nolie,5/10/2018
54,Richart,1/10/2018
55,Clerkclaude,29/5/2019
56,Arlen,25/4/2019
57,Pace,5/3/2019
58,Ulrich,8/1/2019
59,Marc,22/11/2018
60,Nikolaos,4/5/2019
61,Sianna,22/1/2019
62,Teresa,1/9/2019
63,Enoch,13/11/2018
64,Cissy,20/8/2019
65,Matthias,1/11/2018
66,Lamar,21/8/2019
67,Cornie,23/12/2018
68,Sammie,31/8/2019
69,Maritsa,19/4/2019
70,Ebony,25/4/2019
71,Everett,2/12/2018
72,Bernete,28/10/2018
73,Sean,11/2/2019
74,Del,13/2/2019
75,Catherin,4/9/2019
76,Dyanna,5/3/2019
77,Rita,1/8/2019
78,Marin,21/5/2019
79,Helli,23/11/2018
80,Stephi,19/10/2018
81,Sharia,3/10/2018
82,Christine,10/10/2018
83,Johnathon,21/4/2019
84,Vern,23/6/2019
85,Victoir,28/3/2019
86,Dorree,27/1/2019
87,Carmel,23/8/2019
88,Denys,30/11/2018
89,Joyous,9/9/2019
90,Ellary,28/5/2019
91,Tim,21/3/2019
92,Beryl,25/12/2018
93,Bondy,6/12/2018
94,Elisha,15/9/2018
95,Mordecai,25/3/2019
96,Nathanil,8/8/2019
97,Lavena,19/4/2019
98,Edie,2/2/2019
99,Ewan,15/2/2019
100,Florella,7/3/2019
101,Shamus,16/3/2019
102,Leif,26/4/2019
103,Lari,7/10/2018
104,Tann,24/3/2019
105,Joann,4/8/2019
106,Alexis,30/8/2019
107,Glori,12/7/2019
108,Josepha,31/1/2019
109,Heddie,9/7/2019
110,Ibrahim,31/8/2019
111,Phillie,19/5/2019
112,Harrison,25/12/2018
113,Lorettalorna,17/5/2019
114,Eran,10/7/2019
115,Vaughn,2/5/2019
116,Bobine,13/7/2019
117,Lorain,5/12/2018
118,Dominique,7/10/2018
119,Cozmo,21/1/2019
120,Waiter,7/2/2019
121,Constance,27/11/2018
122,Shanie,31/5/2019
123,Scottie,4/8/2019
124,Clem,20/6/2019
125,Bentlee,19/3/2019
126,Jarib,6/3/2019
127,Patten,22/5/2019
128,Willard,26/6/2019
129,Breena,5/10/2018
130,Ruddy,2/4/2019
131,Deena,30/7/2019
132,Zelda,18/7/2019
133,Amity,11/3/2019
134,Morry,29/10/2018
135,Savina,16/7/2019
136,Gwyn,11/12/2018
137,Ruth,18/1/2019
138,Noel,27/5/2019
139,Bette,22/12/2018
140,Candy,14/1/2019
141,Mechelle,27/2/2019
142,Miguel,7/5/2019
143,Udale,24/6/2019
144,Daveta,25/12/2018
145,Jimmy,13/11/2018
146,Debor,11/9/2018
147,Marina,24/10/2018
148,Rhody,14/2/2019
149,Trula,17/6/2019
150,Christoper,22/10/2018
151,Annabel,29/11/2018
152,Hamid,18/2/2019
153,Lionel,4/12/2018
154,Beau,14/12/2018
155,Jacquelynn,3/7/2019
156,Sanderson,25/1/2019
157,Sylvester,30/3/2019
158,Alexi,13/6/2019
159,Tadeo,4/7/2019
160,Leonora,22/11/2018
161,Cherilyn,24/10/2018
162,Ceciley,2/5/2019
163,Lindsay,27/9/2018
164,Rosa,21/5/2019
165,Katleen,12/8/2019
166,Anya,24/9/2018
167,Renato,17/4/2019
168,Abraham,29/10/2018
169,Joela,11/2/2019
170,Leilah,4/7/2019
171,Feodor,24/9/2018
172,Fawn,8/5/2019
173,Fidel,24/5/2019
174,Kati,3/8/2019
175,Glenden,24/7/2019
176,Margaretta,27/6/2019
177,Deborah,1/8/2019
178,Zorana,23/1/2019
179,Mersey,3/4/2019
180,Alexina,13/10/2018
181,Freeland,21/2/2019
182,Naomi,3/10/2018
183,Bertha,22/1/2019
184,Carin,7/11/2018
185,Belita,18/10/2018
186,Luis,4/3/2019
187,Kaspar,12/3/2019
188,Norri,6/12/2018
189,Hanan,24/6/2019
190,Denney,25/10/2018
191,Wake,21/1/2019
192,Monica,18/5/2019
193,Haslett,4/3/2019
194,Rodger,25/4/2019
195,Ray,16/9/2018
196,Patrica,29/9/2018
197,Alayne,5/3/2019
198,Doyle,2/8/2019
199,Cindi,17/8/2019
200,Savina,16/4/2019
201,Obed,11/6/2019
202,Niccolo,1/3/2019
203,Benji,17/1/2019
204,Matti,2/10/2018
205,Timofei,3/3/2019
206,Bobina,7/12/2018
207,Gino,3/6/2019
208,Sayre,20/6/2019
209,Pavia,2/8/2019
210,Karry,3/9/2019
211,Almeta,21/4/2019
212,Audry,28/1/2019
213,Lemmy,5/3/2019
214,Esther,25/11/2018
215,Cesare,18/2/2019
216,Joya,3/11/2018
217,Gay,11/5/2019
218,Haily,14/12/2018
219,Brina,4/6/2019
220,Carrissa,26/10/2018
221,Clarke,27/9/2018
222,Regan,30/1/2019
223,Sansone,18/2/2019
224,Babbette,3/10/2018
225,Viviene,14/10/2018
226,Julina,16/2/2019
227,Calypso,14/10/2018
228,Fae,14/2/2019
229,Nita,3/2/2019
230,Halette,23/6/2019
231,Carlie,15/1/2019
232,Gearard,1/3/2019
233,Monti,4/3/2019
234,Darby,3/7/2019
235,Flemming,23/1/2019
236,Bernette,26/6/2019
237,Louis,9/6/2019
238,Creighton,16/3/2019
239,Cob,10/3/2019
240,Hendrika,21/2/2019
241,Waldemar,8/6/2019
242,Fredrick,4/8/2019
243,Ilaire,21/12/2018
244,Eran,21/5/2019
245,Alard,25/2/2019
246,Glendon,18/3/2019
247,Enrico,6/6/2019
248,Jacquenetta,17/5/2019
249,Rogers,7/12/2018
250,Vittorio,2/1/2019
251,Lorelei,15/1/2019
252,Joly,11/7/2019
253,Susanetta,6/9/2019
254,Taryn,27/12/2018
255,Amanda,17/10/2018
256,Birch,8/2/2019
257,Gaylene,3/2/2019
258,Tressa,2/10/2018
259,Teresa,30/9/2018
260,Elwin,4/4/2019
261,Rafaello,28/12/2018
262,Tildi,17/6/2019
263,Silvanus,31/10/2018
264,Dorise,26/11/2018
265,Kayne,18/3/2019
266,Gabriello,3/9/2019
267,Crissy,17/10/2018
268,Ingram,28/3/2019
269,Liana,5/11/2018
270,Marty,28/11/2018
271,Brandyn,6/3/2019
272,Tyson,8/4/2019
273,Sammy,30/11/2018
274,Alissa,23/6/2019
275,Jackie,1/8/2019
276,Frasquito,26/12/2018
277,Ema,14/4/2019
278,Morey,14/10/2018
279,Wright,25/6/2019
280,Candis,31/1/2019
281,Fredra,11/6/2019
282,Elvin,23/3/2019
283,Ximenez,31/1/2019
284,Dayna,17/8/2019
285,Davita,23/7/2019
286,Dionysus,9/3/2019
287,Ewan,20/7/2019
288,Jade,13/1/2019
289,Sondra,30/5/2019
290,Marten,4/7/2019
291,Ambrosi,24/9/2018
292,Aloysia,24/1/2019
293,Concettina,17/7/2019
294,Ailee,29/11/2018
295,Laurence,2/5/2019
296,Georgianne,16/9/2018
297,Tiffanie,10/11/2018
298,Holt,16/9/2018
299,Quintus,26/9/2018
300,Bax,14/12/2018
301,Anderea,30/11/2018
302,Priscella,16/7/2019
303,Nicolina,11/12/2018
304,Ellie,12/4/2019
305,Cathie,15/5/2019
306,Devin,21/12/2018
307,Thorny,15/1/2019
308,Jud,17/9/2018
309,Bryant,15/6/2019
310,Lanae,22/12/2018
311,Crista,9/11/2018
312,Flinn,6/9/2019
313,Leone,17/12/2018
314,Zaria,30/8/2019
315,Alverta,28/4/2019
316,Addi,21/11/2018
317,Violetta,13/7/2019
318,Ingra,15/11/2018
319,Flem,12/1/2019
320,Norbert,5/6/2019
321,Natal,8/7/2019
322,Tull,8/11/2018
323,Cello,24/12/2018
324,Jolie,18/7/2019
325,Vi,13/7/2019
326,Hugues,19/4/2019
327,Mahmud,5/7/2019
328,Lettie,13/4/2019
329,Hermione,25/6/2019
330,Eloisa,13/7/2019
331,Ulysses,12/10/2018
332,Garvy,31/3/2019
333,Elli,25/9/2018
334,Malory,3/3/2019
335,Nealy,9/2/2019
336,Layla,13/4/2019
337,Nyssa,29/9/2018
338,Gerda,7/6/2019
339,Fiann,25/7/2019
340,Bernie,3/6/2019
341,Caressa,8/12/2018
342,Angelica,7/6/2019
343,Kara-lynn,16/3/2019
344,Tito,27/10/2018
345,Ambrosio,19/8/2019
346,Violet,26/8/2019
347,Linet,17/6/2019
348,Lauritz,29/3/2019
349,Francois,2/10/2018
350,Reagen,14/3/2019
351,Aubine,21/1/2019
352,Salome,23/5/2019
353,Damon,8/12/2018
354,Feliks,6/9/2019
355,Ingra,25/5/2019
356,Concettina,26/10/2018
357,Magdalene,18/8/2019
358,Natty,29/3/2019
359,Ephrem,12/1/2019
360,Corissa,15/11/2018
361,Rhody,1/9/2019
362,Yvor,26/6/2019
363,Lyman,12/6/2019
364,Modesty,4/6/2019
365,Giffard,2/4/2019
366,Wyatan,23/3/2019
367,Rhodia,17/4/2019
368,Oates,28/7/2019
369,Kerwin,19/6/2019
370,Cordie,22/2/2019
371,Marshal,22/6/2019
372,Tristan,25/6/2019
373,Wash,11/4/2019
374,Bertram,29/9/2018
375,Patten,19/1/2019
376,Percy,10/5/2019
377,Kipper,31/10/2018
378,Lora,17/8/2019
379,Dieter,19/3/2019
380,Rey,11/9/2018
381,Renate,13/2/2019
382,Chloe,17/4/2019
383,Sibylla,11/1/2019
384,Erroll,10/1/2019
385,Raina,2/12/2018
386,Eugenius,11/2/2019
387,Ingaborg,27/12/2018
388,Bernardine,4/7/2019
389,Hailee,4/6/2019
390,Dyane,6/1/2019
391,Salomi,4/11/2018
392,Michael,8/5/2019
393,Timoteo,20/12/2018
394,Inez,4/3/2019
395,Barret,30/10/2018
396,Corella,16/4/2019
397,Modesty,5/9/2019
398,Sollie,13/5/2019
399,Tucker,10/7/2019
400,Gaylord,19/4/2019
401,Lorin,8/4/2019
402,Adrea,26/8/2019
403,Nonnah,15/12/2018
404,Payton,7/11/2018
405,Ninetta,5/12/2018
406,Berkly,13/9/2018
407,Oralle,3/5/2019
408,Isiahi,18/2/2019
409,Batholomew,18/12/2018
410,Berry,22/10/2018
411,Sande,7/9/2019
412,Emmeline,18/12/2018
413,Page,15/12/2018
414,Harbert,13/5/2019
415,Nertie,15/1/2019
416,Rani,13/4/2019
417,Dalenna,15/2/2019
418,Fredia,22/3/2019
419,Binni,2/2/2019
420,Blair,7/4/2019
421,Leodora,7/9/2019
422,Aleksandr,26/11/2018
423,Bowie,19/8/2019
424,Felipe,27/3/2019
425,Willabella,12/7/2019
426,Virginia,11/3/2019
427,Amory,3/3/2019
428,Anastasia,10/1/2019
429,Michell,30/9/2018
430,Niko,19/3/2019
431,Ervin,10/3/2019
432,Kristel,18/3/2019
433,Claudianus,11/5/2019
434,Galen,17/9/2018
435,Lorine,22/9/2018
436,Wendeline,4/11/2018
437,Erik,25/7/2019
438,Wallache,2/10/2018
439,Lizzy,3/11/2018
440,Nessi,26/4/2019
441,Jakie,28/9/2018
442,Bary,6/6/2019
443,Giulio,15/3/2019
444,Giana,19/4/2019
445,Farris,14/1/2019
446,Ermanno,4/7/2019
447,Adolpho,12/6/2019
448,Bethena,12/11/2018
449,Mario,2/2/2019
450,Gibb,27/11/2018
451,Sampson,16/10/2018
452,Berna,29/8/2019
453,Shurlocke,10/6/2019
454,Ozzy,8/7/2019
455,Kienan,6/12/2018
456,Stanwood,30/3/2019
457,Fannie,21/5/2019
458,Bab,5/7/2019
459,Odelia,5/7/2019
460,Tuesday,21/9/2018
461,Moise,6/2/2019
462,Ugo,23/10/2018
463,Jyoti,26/11/2018
464,Dmitri,15/9/2018
465,Miriam,23/10/2018
466,Vaughn,4/8/2019
467,Leda,14/10/2018
468,Leonora,15/4/2019
469,Humbert,13/6/2019
470,Dylan,9/7/2019
471,Rosy,25/2/2019
472,Ettie,12/11/2018
473,Trula,22/12/2018
474,Donelle,22/7/2019
475,Brendin,11/12/2018
476,Ileana,22/5/2019
477,Shantee,6/3/2019
478,Asa,19/8/2019
479,Duffie,1/10/2018
480,Rori,7/9/2019
481,Sheff,1/3/2019
482,Waldo,26/8/2019
483,Palmer,12/1/2019
484,Rudolf,10/1/2019
485,Veronike,15/11/2018
486,Janette,7/1/2019
487,Saleem,14/6/2019
488,Omar,2/8/2019
489,Doralyn,3/7/2019
490,Nick,19/6/2019
491,Chryste,26/12/2018
492,George,9/5/2019
493,Aprilette,8/12/2018
494,Alf,9/12/2018
495,Florella,12/4/2019
496,Mayor,22/10/2018
497,Ardisj,19/4/2019
498,Tiffanie,26/12/2018
499,Hamilton,14/3/2019
500,Derwin,10/11/2018
501,Truda,25/10/2018
502,Pavia,11/7/2019
503,Horatia,22/3/2019
504,Veronika,12/4/2019
505,Benny,15/12/2018
506,Delmar,16/7/2019
507,Ingaborg,16/12/2018
508,Erin,21/8/2019
509,Aggi,2/9/2019
510,Nolly,27/6/2019
511,Conchita,24/3/2019
512,Benoit,30/7/2019
513,Milly,13/12/2018
514,Nisse,30/1/2019
515,Sofie,2/10/2018
516,Sven,27/3/2019
517,Karla,6/6/2019
518,Cecilia,28/3/2019
519,Hestia,8/1/2019
520,Dietrich,10/3/2019
521,Gwendolyn,8/4/2019
522,Wandie,16/7/2019
523,Nerissa,14/12/2018
524,Phedra,15/4/2019
525,Tito,12/4/2019
526,Allie,11/4/2019
527,Goddard,3/6/2019
528,Guthrey,11/1/2019
529,Barnard,20/3/2019
530,Kelbee,12/5/2019
531,Yule,4/11/2018
532,Rheta,24/9/2018
533,Krissie,4/10/2018
534,Sloan,8/6/2019
535,Sharron,19/6/2019
536,Cindy,28/11/2018
537,Arnoldo,3/9/2019
538,Bruis,13/2/2019
539,Stevy,3/12/2018
540,Vivyan,16/12/2018
541,Adria,1/12/2018
542,Kipp,12/8/2019
543,Laura,2/11/2018
544,Dorree,20/1/2019
545,Donella,12/10/2018
546,Britney,28/8/2019
547,Nickie,11/8/2019
548,Chiarra,30/10/2018
549,Lovell,22/9/2018
550,Ella,6/6/2019
551,Olva,19/11/2018
552,Reeva,24/5/2019
553,Matti,8/3/2019
554,Granny,28/10/2018
555,Robinett,11/11/2018
556,Tanitansy,14/9/2018
557,Rufus,29/4/2019
558,Xena,12/8/2019
559,Amitie,25/8/2019
560,Mattias,21/12/2018
561,Boony,22/5/2019
562,Jonell,14/9/2018
563,Kenneth,15/7/2019
564,Malory,4/2/2019
565,Mano,24/2/2019
566,Edgar,29/9/2018
567,Laurie,2/2/2019
568,Chickie,31/8/2019
569,Suzette,29/1/2019
570,Liva,9/10/2018
571,Sancho,24/9/2018
572,Michel,31/5/2019
573,Dianne,3/5/2019
574,Doe,17/12/2018
575,Ada,13/12/2018
576,Izzy,15/11/2018
577,Farly,11/3/2019
578,Andriette,12/9/2018
579,Amandy,7/9/2019
580,Julio,17/10/2018
581,Ade,27/6/2019
582,Barri,28/5/2019
583,Cariotta,13/1/2019
584,Whitney,25/3/2019
585,Elmore,5/7/2019
586,Aurie,19/11/2018
587,Fons,22/4/2019
588,Mariquilla,19/10/2018
589,Thurston,11/6/2019
590,Chelsie,24/5/2019
591,Vera,21/8/2019
592,Dagmar,9/10/2018
593,Ralph,26/11/2018
594,Michele,7/5/2019
595,Adah,8/10/2018
596,Selig,17/11/2018
597,Olenolin,31/3/2019
598,Lilian,4/3/2019
599,Heriberto,7/5/2019
600,Madison,23/11/2018
601,Veradis,10/9/2019
602,Richmond,6/4/2019
603,Sibel,27/11/2018
604,Moises,8/6/2019
605,Vonny,9/1/2019
606,Anny,9/1/2019
607,Harp,1/10/2018
608,Ashley,3/3/2019
609,Nisse,7/5/2019
610,Bernetta,13/9/2018
611,Andriette,15/2/2019
612,Karole,29/10/2018
613,Paule,31/10/2018
614,Tyne,24/12/2018
615,Edita,6/11/2018
616,Jayme,7/4/2019
617,Daniela,6/1/2019
618,Angelika,21/7/2019
619,Elle,22/1/2019
620,Kerry,9/12/2018
621,Cornela,3/12/2018
622,Nicolea,11/3/2019
623,Alfredo,25/3/2019
624,Jermaine,9/2/2019
625,Yasmin,5/9/2019
626,Gertrude,17/4/2019
627,Verla,29/7/2019
628,Imelda,24/12/2018
629,Boote,28/1/2019
630,Maurice,20/7/2019
631,Alden,22/7/2019
632,Corrina,8/8/2019
633,Lorianne,11/4/2019
634,Holden,11/5/2019
635,Valerie,25/2/2019
636,Corine,2/1/2019
637,Marcile,28/12/2018
638,Anita,16/4/2019
639,Abbot,6/5/2019
640,John,3/6/2019
641,Hestia,9/2/2019
642,Niccolo,27/5/2019
643,Avigdor,8/7/2019
644,Britni,31/3/2019
645,Fowler,26/3/2019
646,Brook,24/10/2018
647,Kristos,27/5/2019
648,Nola,22/6/2019
649,Daniella,3/11/2018
650,Brear,26/10/2018
651,Fawn,10/3/2019
652,Faustina,21/8/2019
653,Aliza,24/1/2019
654,Zandra,5/4/2019
655,Raf,24/10/2018
656,Mikkel,3/7/2019
657,Onfre,9/8/2019
658,Claus,4/11/2018
659,Bartolemo,13/7/2019
660,Tomi,30/3/2019
661,Maury,1/1/2019
662,Ebba,25/4/2019
663,Glory,15/3/2019
664,Amby,27/3/2019
665,Isabelita,1/10/2018
666,Merle,3/1/2019
667,Calli,2/10/2018
668,Essa,21/5/2019
669,Harold,23/11/2018
670,Ethelyn,4/12/2018
671,Carolina,23/2/2019
672,Abbott,26/10/2018
673,Otis,1/1/2019
674,Carlynne,14/4/2019
675,Iver,26/10/2018
676,Claudetta,20/10/2018
677,Nissa,15/6/2019
678,Donn,17/2/2019
679,Tybi,12/3/2019
680,Porty,8/12/2018
681,Britni,20/11/2018
682,Sophie,10/8/2019
683,Nelie,10/9/2019
684,Micheil,14/11/2018
685,Aime,6/6/2019
686,Jeniffer,4/3/2019
687,Urson,19/9/2018
688,Wendeline,13/6/2019
689,Alaster,23/5/2019
690,Berkly,11/3/2019
691,Jillie,3/9/2019
692,Alvy,11/8/2019
693,Wilmer,7/3/2019
694,Amaleta,2/3/2019
695,Pietrek,2/7/2019
696,Gunter,17/1/2019
697,Malcolm,14/8/2019
698,Nadine,9/10/2018
699,Darb,19/6/2019
700,Micky,6/10/2018
701,Mario,2/9/2019
702,Irita,16/8/2019
703,Lemmie,18/3/2019
704,Maggie,12/10/2018
705,Buddy,27/11/2018
706,Nevin,14/1/2019
707,Lynne,28/2/2019
708,Kinnie,4/6/2019
709,Crista,16/10/2018
710,Pearla,10/11/2018
711,Daryl,31/7/2019
712,Bibbie,9/6/2019
713,Rodi,5/10/2018
714,Packston,23/8/2019
715,Cori,29/5/2019
716,Marcie,11/5/2019
717,Jozef,5/3/2019
718,Anselma,23/12/2018
719,Lynn,17/5/2019
720,Lorens,1/11/2018
721,Rodrique,13/1/2019
722,Abbie,25/10/2018
723,Gradeigh,15/8/2019
724,Bridgette,14/11/2018
725,Robbie,15/3/2019
726,Zsazsa,17/7/2019
727,Cheston,4/12/2018
728,Kristan,12/1/2019
729,Letizia,9/6/2019
730,Vernon,2/6/2019
731,Hadley,21/2/2019
732,Korie,13/3/2019
733,Starlin,28/7/2019
734,Alia,21/2/2019
735,Ryun,22/7/2019
736,Orelee,26/4/2019
737,Tabbi,2/7/2019
738,Holly-anne,30/8/2019
739,Jacky,25/8/2019
740,Kari,8/12/2018
741,Naomi,26/7/2019
742,Katusha,16/8/2019
743,Rickey,18/6/2019
744,Burtie,6/10/2018
745,Coralie,19/6/2019
746,Hymie,31/8/2019
747,Mavis,29/1/2019
748,Arliene,4/9/2019
749,Iain,15/9/2018
750,Olag,4/10/2018
751,Barb,7/9/2019
752,Carita,24/6/2019
753,Tammie,19/8/2019
754,Albie,29/12/2018
755,Hayward,23/8/2019
756,Pedro,30/1/2019
757,Rosalinde,10/8/2019
758,Philip,8/3/2019
759,Ignacio,20/6/2019
760,Kirstin,21/4/2019
761,Chrysler,6/9/2019
762,Allie,24/1/2019
763,Gerardo,9/6/2019
764,Gerry,7/5/2019
765,Alfredo,20/3/2019
766,Bern,23/7/2019
767,Imelda,22/10/2018
768,Lawry,29/8/2019
769,Timmie,14/4/2019
770,Gae,17/3/2019
771,Abbye,23/3/2019
772,Sidney,31/5/2019
773,Blondy,22/10/2018
774,Dulcie,2/4/2019
775,Netti,19/1/2019
776,Lind,19/12/2018
777,Kira,9/1/2019
778,Laryssa,15/9/2018
779,Sarine,15/5/2019
780,Lennard,25/10/2018
781,Melisande,16/4/2019
782,Wilma,3/5/2019
783,Perri,20/7/2019
784,Brien,7/10/2018
785,Pietrek,2/1/2019
786,Nathanael,9/9/2019
787,Goddard,18/4/2019
788,Emmi,13/1/2019
789,Emmye,19/6/2019
790,Eden,7/8/2019
791,Reinaldo,10/11/2018
792,Terrie,12/5/2019
793,Margarethe,2/8/2019
794,Rosa,21/11/2018
795,Sophia,4/7/2019
796,Paule,3/7/2019
797,Rosana,7/4/2019
798,Arni,5/9/2019
799,Ulrike,16/8/2019
800,Sidnee,3/4/2019
801,Kial,9/9/2019
802,Tania,26/5/2019
803,Ring,4/6/2019
804,Cherida,28/2/2019
805,Darbee,18/7/2019
806,Shanta,16/12/2018
807,Daphene,30/9/2018
808,Sid,8/7/2019
809,Jacquetta,19/8/2019
810,Storm,4/5/2019
811,Brandy,21/2/2019
812,Kendra,18/3/2019
813,Letitia,6/2/2019
814,Jammie,5/11/2018
815,Daune,13/6/2019
816,Roley,25/10/2018
817,Caye,25/8/2019
818,Faustina,13/11/2018
819,Ariella,21/1/2019
820,Carolyn,12/11/2018
821,Delano,8/3/2019
822,Dunn,13/9/2018
823,Ulla,15/4/2019
824,Weston,19/4/2019
825,Fonsie,9/7/2019
826,Maureene,16/2/2019
827,Bibbie,24/1/2019
828,Zorah,5/1/2019
829,Valaria,28/4/2019
830,Marsh,8/6/2019
831,Yuri,31/8/2019
832,Jefferey,7/2/2019
833,Tiertza,13/7/2019
834,Vivianna,20/11/2018
835,Cindra,20/7/2019
836,Brooks,1/10/2018
837,Shamus,23/9/2018
838,Dody,14/7/2019
839,Rockey,9/3/2019
840,Brien,27/11/2018
841,Rodrick,30/6/2019
842,Klement,28/10/2018
843,Siffre,23/3/2019
844,Ryun,27/3/2019
845,Desdemona,3/6/2019
846,Lorena,30/4/2019
847,Alena,16/7/2019
848,Brittni,15/8/2019
849,Jude,29/12/2018
850,Connie,18/5/2019
851,Merrile,12/10/2018
852,Hilary,24/11/2018
853,Atlante,4/3/2019
854,Antoinette,2/3/2019
855,Hunfredo,24/12/2018
856,Hillier,3/11/2018
857,Gillie,2/7/2019
858,Sigvard,13/9/2018
859,Hagan,10/7/2019
860,Nettie,28/3/2019
861,Rachael,21/11/2018
862,Phineas,27/1/2019
863,Webster,4/4/2019
864,Homerus,26/7/2019
865,Blaine,18/8/2019
866,Jorry,24/10/2018
867,Joanna,12/1/2019
868,Adolphus,27/2/2019
869,Janela,23/2/2019
870,Marissa,5/11/2018
871,Arnaldo,3/9/2019
872,Welch,29/6/2019
873,Valaria,3/3/2019
874,Zenia,14/7/2019
875,Gale,11/2/2019
876,Lorrie,6/7/2019
877,Quentin,7/7/2019
878,Templeton,1/4/2019
879,Rafaelita,28/2/2019
880,Erastus,3/8/2019
881,Krystyna,24/2/2019
882,Bowie,19/8/2019
883,Carlyle,8/4/2019
884,Jordanna,23/9/2018
885,Archibold,5/3/2019
886,Filide,17/12/2018
887,Marcelo,11/9/2018
888,Paton,12/12/2018
889,Radcliffe,27/5/2019
890,Mildrid,10/6/2019
891,Bartram,26/11/2018
892,Jacklyn,22/12/2018
893,Avictor,16/10/2018
894,Joelie,16/4/2019
895,Craggie,30/10/2018
896,Tremain,12/12/2018
897,Prince,3/12/2018
898,Noni,10/6/2019
899,Karoly,3/5/2019
900,Gnni,7/11/2018
901,Lucas,25/10/2018
902,Leigha,15/10/2018
903,Tamma,20/7/2019
904,Humbert,3/1/2019
905,Tom,26/6/2019
906,Albrecht,14/1/2019
907,Donnell,8/3/2019
908,Marian,28/9/2018
909,Kelly,21/8/2019
910,Corbet,9/3/2019
911,Orville,15/2/2019
912,Richmond,11/1/2019
913,Oren,6/7/2019
914,Emyle,24/6/2019
915,Caria,14/3/2019
916,Evangelin,19/4/2019
917,Wilden,11/6/2019
918,Marianna,11/1/2019
919,Melitta,4/7/2019
920,Sergei,26/6/2019
921,Nolan,7/3/2019
922,Alikee,15/12/2018
923,Lennie,16/1/2019
924,Linc,4/8/2019
925,Kaylee,14/10/2018
926,Tiphanie,29/8/2019
927,Devlin,22/3/2019
928,Jacky,23/3/2019
929,Lindsey,10/2/2019
930,Jack,5/3/2019
931,Lacey,30/11/2018
932,Ellis,10/8/2019
933,Adler,17/3/2019
934,Ingrid,2/6/2019
935,Hillel,9/4/2019
936,Hamil,25/7/2019
937,Hasty,1/5/2019
938,Consolata,17/7/2019
939,Gabriel,29/9/2018
940,Keene,3/2/2019
941,Josephine,19/6/2019
942,Putnam,9/9/2019
943,Reyna,1/11/2018
944,Vinny,19/4/2019
945,Clemmie,29/12/2018
946,Doro,17/6/2019
947,Rollie,16/9/2018
948,Eugene,3/9/2019
949,Elianora,9/10/2018
950,Aaron,20/11/2018
951,Sharon,8/1/2019
952,Desdemona,18/3/2019
953,Babbette,21/3/2019
954,Elga,24/12/2018
955,Freida,3/4/2019
956,Charlean,2/4/2019
957,Allard,29/12/2018
958,Flore,15/11/2018
959,Hildegarde,11/2/2019
960,Suzie,7/11/2018
961,Gilligan,15/9/2018
962,Lowe,28/8/2019
963,Winny,12/1/2019
964,Laurie,2/8/2019
965,Felecia,4/9/2019
966,Audy,25/6/2019
967,Brittany,13/1/2019
968,Bartlett,4/12/2018
969,Thor,17/6/2019
970,Suzie,11/9/2018
971,Bridie,20/5/2019
972,Auberon,8/4/2019
973,Arielle,18/12/2018
974,Luciano,12/8/2019
975,Cirstoforo,20/5/2019
976,Tucker,2/7/2019
977,Shir,17/9/2018
978,Hazel,9/8/2019
979,Marven,19/1/2019
980,Tamarra,7/6/2019
981,Marybelle,29/11/2018
982,Garvin,3/11/2018
983,Hewe,24/11/2018
984,Whittaker,15/3/2019
985,Billie,14/2/2019
986,Isaiah,18/9/2018
987,Sarah,7/7/2019
988,Lenard,24/9/2018
989,Monte,3/6/2019
990,Sonnie,21/5/2019
991,Brietta,2/9/2019
992,Reinhard,1/12/2018
993,Flem,20/8/2019
994,Skippie,1/3/2019
995,Robbin,14/12/2018
996,Tine,4/8/2019
997,Carson,4/6/2019
998,Christi,28/10/2018
999,Fons,26/3/2019
1000,Edythe,27/9/2018